,name,arc140,arc141,arc142,arc143,arc144,arc145,arc146,arc147,arc148,arc149,arc150,arc151,arc152,arc153,arc154,arc155,arc156,arc157,arc158,arc159,arc160,arc161
0,DEGwer,,,,,,,,,,,,,,,,,2754,,,,,3200
1,kusano,2135,1776,2140,2425,1478,2459,2243,2138,1808,2550,1805,1925,2218,2255,0,2373,1743,2106,1436,2393,1379,3200
2,carrot46,2343,2540,2667,2578,2640,2342,,2421,2511,2271,2562,,,2396,,,2628,2321,2588,2642,2663,3200
3,risujiroh,0,0,0,,0,0,0,0,0,0,0,0,0,,2308,2621,2526,,,2006,2274,3200
4,physics0523,2578,2305,2618,2759,3061,,2458,2502,2569,2620,2763,1876,2359,2525,3033,2815,2212,2609,2051,2673,2655,3200
5,Nyaan,,0,0,0,,0,0,,,,0,0,,3163,3200,0,0,,,,,3102
6,karinohito,2223,2270,1753,1896,1956,2570,2169,2365,2441,2462,2042,2358,2579,2246,1730,2665,2073,2278,2768,2447,2255,3020
7,unsre,1636,1815,,0,1364,1471,1261,1741,1964,2565,1515,1840,1145,2047,1957,2040,1755,0,1327,0,0,2987
8,googol_S0,2133,2467,2899,2441,2468,3055,2191,2223,2550,2931,2574,2681,,2779,3091,2691,2595,3050,2220,2550,2942,2943
9,momoyuu,,,,,,,0,2516,1054,2280,1916,1416,1776,,,,,,1385,1885,1880,2929
10,MtSaka,1118,1853,,1253,1671,2027,0,1911,0,,,1973,1643,2311,1653,2153,1977,1893,2711,2280,,2881
11,TKTYI,2062,2454,2238,2432,2140,2824,2789,2404,2982,2223,2474,2209,2401,2291,2196,2904,3195,2681,2699,2882,3036,2806
12,tokusakurai,2509,2670,2399,2596,2913,2469,2593,2570,2652,2546,2791,2862,2712,2970,2559,2312,2421,2778,2478,3200,2741,2784
13,Asuka_Minato,,,,,,,,,,,,,,,,,,,,,2466,2776
14,KowerKoint,2045,1867,1709,2173,1205,2214,2162,,,1196,1959,2099,2348,2170,2198,2547,2146,1440,2511,1886,,2768
15,rniya,2615,2558,2392,2781,2616,2630,2530,1643,3058,1854,2798,2281,2334,2411,2441,2697,2113,2627,2383,2376,2929,2730
16,torisasami,2368,3025,2808,2565,2422,2935,2675,2554,2863,2093,2494,2371,,,,2295,,2399,0,2632,2426,2723
17,Kite_kuma,2936,2506,2710,2666,3200,3037,2468,2999,3200,2066,2829,2871,2651,2463,2554,2236,2806,2618,2505,3008,1832,2716
18,chinerist,2639,,2008,3105,2992,1965,3200,2427,3200,2633,,3143,2440,3200,2627,,,3200,1896,2938,0,2703
19,hir35,2437,2618,2791,2145,1553,2357,0,2255,1849,1729,2025,0,2560,2098,2919,2008,2204,1944,1807,1948,2084,2671
20,shiomusubi496,3156,2624,2221,2139,2670,2793,2289,2382,2470,3027,2273,2207,2490,2396,2461,3200,2877,2839,2694,2587,2687,2653
21,minato_,,,,,,,,,,,,,,,,,0,2353,,2200,2409,2630
22,riano_,2335,2689,1991,2570,2679,2501,2522,2804,2996,2438,2619,2130,,,2187,2884,,,2325,2826,,2625
23,leaf1415,2688,2597,2469,2725,2391,2221,2680,3013,2178,1415,2253,,3074,1997,2802,2219,2814,2962,2498,3042,3001,2619
24,okkuu2,1555,1975,2334,1260,2585,2293,2145,2322,2438,,2222,2635,2588,2244,,2608,2549,,2484,1983,0,2614
25,ttttan,2556,2523,2865,2384,2655,2248,2758,2774,2922,2678,2145,1891,3200,2487,2931,2386,2452,2358,2442,2209,2748,2609
26,zkou,2305,2445,2055,2332,2710,2250,2927,2586,2487,2487,2130,2660,2351,2578,2492,2617,2148,2472,2828,2009,,2588
27,nebocco,,,,,,,,,,,,,,,,,,,,,,2583
28,eijirou,2153,1873,2062,2083,2062,2511,1905,1998,2217,2133,1648,2121,2062,1522,2137,2807,1916,1695,2468,1857,1826,2574
29,HBit,2185,2333,2242,2157,2270,2283,2232,0,2581,2167,2390,2458,2733,2229,2450,2349,2373,2726,2075,2408,2756,2569
30,fuppy0716,2840,2198,2783,2624,0,2713,2511,2298,2115,,,2607,2132,0,1733,2199,2370,,3074,2647,2538,2564
31,MMNMM,,2761,2269,,2593,2543,2435,,2764,2337,1904,1887,2464,,2507,2738,2545,2285,2269,2423,2462,2559
32,MathGorilla,1898,2053,1697,1962,1525,2042,2704,1886,1843,2026,1923,2172,1874,1877,2251,1703,1482,1581,1555,2036,,2550
33,suisen,2912,2341,2015,2553,2560,2114,2546,2796,2484,2401,2626,2645,1944,1586,2730,2949,2618,2269,2903,2309,2779,2541
34,satanic0258,2300,2545,1853,2495,2400,2397,1850,1590,1633,2196,2053,2066,2272,2566,2400,2037,2079,2884,2139,2134,2551,2537
35,yupiteru,2797,1603,,,1988,1531,752,1599,,,1478,55,2047,1296,2373,445,2102,1351,1337,1908,1318,2528
36,w2w2,2105,2126,1663,2026,2025,1680,2044,2028,1973,2291,2037,2379,2250,2501,2580,2326,2472,,2159,2026,1887,2507
37,olphe,3104,2640,,2587,2296,2521,2328,2523,2456,2795,2757,2199,2356,,2370,2792,2401,1955,,2787,2795,2499
38,kumjin3141,2019,,1394,,0,,,1822,0,1710,2122,2128,1961,1991,0,0,1835,2385,2204,1898,2121,2487
39,chro4896,1745,2365,2087,2343,2201,2049,1845,1635,2128,2033,1861,2081,2093,1788,2129,2454,2151,2497,2143,1872,2269,2467
40,ytqm3,2351,2004,,1548,-85,,,,,,,,0,,58,2562,2775,1854,2526,2903,2675,2460
41,ikatakos,1949,2454,2010,1645,1932,2644,2060,1689,2201,2117,1979,2442,2002,2120,2585,2232,2097,1525,1604,1895,2146,2456
42,tktk_snsn,1874,1282,0,2161,1598,2122,2147,1393,1716,1662,,2048,1148,1504,2155,1693,,1856,,,362,2453
43,sounansya,2018,,2326,1756,1557,2174,2268,2257,2136,2415,,2148,1046,2551,2022,,2476,2455,2046,,1608,2428
44,tabr,2561,2664,3139,2605,1630,2424,2724,3200,3010,2909,3200,3099,0,2913,,3181,2614,2785,,3061,0,2421
45,drogskol,2116,2207,763,2537,1475,2244,2692,2102,2770,3123,3013,2351,2427,1311,2290,2640,2561,2866,197,2371,2095,2417
46,fact493,1521,1319,1460,1719,1638,2160,1931,1587,2431,2081,2540,0,,1885,1922,2247,1992,1640,,1972,1266,2414
47,ponjuice,2290,1518,1336,1737,2325,1238,1836,0,2193,1436,1404,,2454,0,2865,2172,2341,0,1885,2111,1380,2387
48,woodywoody,1707,1754,2046,1618,2142,965,1773,1627,2097,2207,1772,1982,1426,2389,,1726,2301,2575,2182,2062,2348,2384
49,emthrm,2596,2703,2323,3200,2333,2240,2320,2407,2709,2490,,2213,2279,2376,2648,2856,2623,2345,2119,2501,3098,2371
50,toku4388,0,,1938,1005,1548,936,1476,1670,2009,2086,1719,,1936,,,,,,,0,1298,2365
51,natsuneko,1260,1206,1471,1330,1438,2025,,1193,1766,1721,1672,1495,1714,1560,958,1857,1805,2072,2265,1759,1725,2359
52,semisagi,,,2424,,2440,,,,1945,,,,,2185,2234,2556,2822,,,,2342,2356
53,1_no_se,,,,,,,2059,2023,2543,2611,2014,2590,2339,2145,,,,,,2129,,2353
54,ytkn,2480,2362,2059,2274,2206,2186,2401,2439,1980,2573,2656,2167,2315,2874,2518,1724,2768,2356,2108,2613,2195,2344
55,akua,1518,1362,1028,1806,0,,,,1269,1588,1770,1736,1370,720,1719,1676,1378,1843,2352,2167,2033,2338
56,suo,1940,2117,,,,,,0,,,,,,,,1950,,,,,,2335
57,kuhaku,,2498,,,2199,,,,,,,,,,,,2125,0,0,2454,,2332
58,ecottea,2725,1803,2195,2444,1957,2335,2399,2666,2007,2382,2845,2338,2326,2368,2049,2381,2255,2361,2335,2182,2207,2329
59,east1016,1790,1642,2535,1595,1736,1835,2128,1761,2000,1868,2007,1302,2128,1861,1796,2354,0,1278,1338,2156,1710,2323
60,rabot,1824,,1739,1406,2310,1970,1641,,1656,1962,1960,1918,,,1986,,,,,1724,1971,2321
61,hiratai,1912,2350,1843,2018,2325,1859,2010,2182,2074,1754,2372,1879,1769,2194,2779,2680,1777,1991,1216,2595,2167,2306
62,KKT89,1909,0,1417,1647,1778,2142,1927,1595,1787,1795,1699,1558,1438,,0,2203,2221,1660,1417,2252,2183,2304
63,tempura0224,,,,,,,,,,,,,,,,,,,,,0,2301
64,TAB,,1891,1629,954,2449,1917,2134,2145,2534,1899,2166,1828,2686,1835,1724,2159,2206,1146,1956,1509,0,2295
65,chankei,1892,1995,2181,2095,1500,2045,,1440,,1789,989,1774,,,,,1831,1184,1574,1729,1679,2293
66,shobonvip,1550,2136,1639,1575,2749,1752,2396,,1746,1625,1752,1820,1852,1829,1864,2521,2009,2445,2357,1889,2517,2290
67,routea,,,,,,,,,,,2687,2049,,2295,2006,,2349,2155,2008,2508,1935,2287
68,convexineq,2766,2833,3168,2041,,2387,2503,2200,2370,1912,2872,2109,,,,,,,,,2454,2282
69,emankcin,1802,1733,2357,2044,2005,2125,1199,1868,1961,1508,1909,1562,2082,1808,1061,1850,1817,2019,2000,1528,1444,2274
70,rlangevin,1862,2011,1375,1613,2027,1606,1498,1389,1738,1290,315,1449,1822,2215,1467,1595,1364,1242,1364,1382,1801,2266
71,Alt3,1839,2106,0,2353,2337,2193,2617,1767,1435,1774,3176,2385,1802,1705,1882,0,0,,2261,2080,1906,2263
72,erbowl,1736,1404,963,1590,1231,657,1794,1480,1728,2198,1119,,,2097,,,,,1102,1594,1806,2243
73,Haa,,,2737,2478,2314,0,2143,2118,2784,2456,2076,,1418,2427,2189,2331,2020,2430,2332,1937,1834,2238
74,espressivosubito,1805,1743,1507,1772,1745,1977,1351,1642,2199,2404,1274,1139,1113,1740,1627,445,0,845,1323,1366,362,2225
75,tamato,2068,2927,2487,1962,2842,2359,2404,1832,2497,2250,2821,1880,2305,,,2550,2058,1917,2422,2512,2542,2223
76,zeta7532,1709,1453,2022,1573,,,1667,,,,0,1765,880,,1064,1666,1673,,,1892,,2220
77,marc2825,,,,,,,1275,837,1270,1509,315,1403,1335,1635,1119,1729,1324,1817,1158,1492,,2218
78,besukohu,1977,1936,1311,1384,1964,1891,1769,1924,1637,,,,,1571,2265,1831,1675,,1357,1710,1612,2216
79,sumitacchan,0,0,0,0,0,,0,0,0,0,0,0,,2594,2828,2415,2697,3154,2637,2853,,2208
80,gksato,,2040,1946,2097,2189,1804,2359,1284,2056,1842,1546,2374,2202,2118,2511,1509,1763,2086,2113,0,1943,2206
81,udon1206,,2177,1500,1640,2002,2528,1609,2339,146,,2099,1266,1373,,1646,1695,2424,2288,2137,0,2339,2204
82,ransewhale,2315,2394,1953,2093,2589,2152,,1694,2016,1980,2133,2103,2037,2054,1693,2286,1792,2097,2059,2225,2093,2187
83,anmichi,2241,2294,2503,2375,2046,2246,2150,1752,2087,2523,2096,1780,,,,2095,2120,2018,2481,,,2178
84,se1ka2,2058,2518,2752,2901,,2947,2278,2430,2354,2441,2387,2326,2262,2603,3051,2463,2210,2532,2337,2566,2108,2176
85,primenumber_zz,2362,2211,2405,2683,2148,2232,2580,2289,2682,2780,2494,2184,2369,1990,2331,2263,2006,2436,1253,3024,2504,2173
86,hamamu,2403,2302,2257,1882,2173,2374,2381,2534,2284,1727,2082,1935,2751,2115,1990,2447,2280,1589,1787,2188,2070,2171
87,Dispersion,1756,1717,1956,2461,2223,1952,1930,2424,2205,2312,315,1744,1964,2175,1964,2132,1975,1543,2190,1652,1842,2164
88,nyoguta,,,,2067,1808,2620,1872,,2269,,,,,,,,2170,,2135,1967,1580,2162
89,ynasu,2400,2155,1821,2237,2152,2270,2263,,2615,2996,2435,2321,2645,2293,2382,1942,2294,2551,2126,1859,2240,2153
90,auaua,1960,2510,1996,2510,996,,,2192,2046,1765,1936,1938,2292,1709,2437,2566,2184,1246,2175,1940,1908,2151
91,Yukkku,,,,,1589,1080,1179,575,2221,,1427,,,1840,0,,1473,1897,2305,1616,0,2149
92,noya2,2008,1971,1732,1638,1360,1972,1650,1394,1575,2239,2375,2557,1990,2156,1603,1700,1986,2571,2248,2091,1699,2144
93,keisuke6,1071,900,1364,1246,1687,1664,1544,1232,1651,0,1756,2005,0,,1683,1979,1924,,2117,1404,1859,2140
94,nesya,1937,1389,2015,2197,2047,2554,2115,0,2057,2660,2090,1893,2209,2358,2530,2655,1930,1895,1915,1996,2253,2135
95,Jirotech,,,,,,,,,2577,1445,2502,2009,2613,,,2578,,,,2558,,2127
96,regacian,248,1653,1591,1503,1634,,1384,,,2145,,1288,1514,1758,1320,2122,1556,1901,,1022,,2122
97,haruki_K,2524,2635,2299,1920,2458,2445,2881,2433,2101,2136,2255,2545,2522,2728,2172,2650,,2148,2883,1959,2640,2120
98,pointN,0,1781,2233,,1133,1927,,,1891,,,1564,2289,,,,2061,2162,2188,1534,,2118
99,puyo,1444,1570,1863,1287,1703,1851,1120,1713,1446,1940,1345,1992,2155,,2058,1755,1846,,1477,1810,,2116
100,terry_u16,1975,,2491,2267,1803,1641,1893,1984,2116,1466,1429,1661,,1675,2020,1525,1912,,2035,2538,2215,2114
101,Honjo_Kaede,,,,,,1269,391,1206,1307,1297,315,1244,,1610,1049,1493,1870,1657,0,1880,2027,2112
102,null0124,1108,0,1350,1183,1541,0,,,,,,,,,,,,,1753,1747,1660,2110
103,jdfans,,,,,,,,,,,1476,1490,1173,,,1438,0,,,,0,2103
104,Nzt3,1603,2184,0,2075,0,,1529,1593,,,,,,,,,,,,1877,1890,2101
105,gyouzasushi,2060,2024,1844,1239,1853,,1993,1772,,1410,1820,1922,2274,1734,1783,1875,2311,689,2130,2171,1717,2097
106,Taiki0715,,,,,,,-87,0,829,228,315,688,0,1694,946,,1419,1714,1871,1577,362,2095
107,FUN_Morikubo,,,678,823,1050,70,1633,1267,1309,1431,1588,1639,1838,1191,2181,2184,1989,2272,2428,2331,1856,2093
108,arad,1138,221,1404,1070,1313,1800,1763,0,1043,1395,1374,1494,0,2157,0,,,1503,1819,1648,1899,2091
109,SchwarzeKatze9,,,,,,,,909,1063,1188,,1327,1440,2000,1480,1863,1388,,2021,,,2087
110,Shibuyap,2440,2158,2138,2650,,0,,0,,,2971,1832,,0,0,,,,,0,0,2081
111,marroncastle917,0,,0,1570,1726,957,1401,,1641,1317,1990,1783,1557,2329,1262,1961,1767,2088,1479,1774,1882,2079
112,shinchan,2013,2050,0,,0,1802,1806,2009,2185,2215,1862,1902,1301,2348,2122,,2051,1699,1600,2268,2115,2071
113,yurujirou,,,,,,,,1962,1544,1387,1939,2076,1025,2121,2068,1895,1795,1465,2094,1677,362,2067
114,hiikunZ,2302,2390,2068,803,1983,2208,2841,2266,2258,2151,2196,2116,1305,1844,2011,2034,2229,2237,2070,2426,2322,2055
115,tatata96,248,1377,2164,1895,977,1329,2037,1959,2005,1468,1895,1409,2155,1651,1031,1610,1852,2111,2229,1899,1836,2051
116,seekworser,,,1482,1667,1045,1094,1640,1463,1392,0,315,0,,1981,1954,,0,0,,,2155,2045
117,denkimisoshiru,,,,,,,,,,1756,1368,,,,,,,,1718,,1381,2043
118,toshihoge,2470,2104,2431,1923,2762,2018,1954,2050,1821,1958,1899,1827,1371,2135,1997,2030,1962,1416,1927,1833,1851,2041
119,bin101,,1946,,1805,1999,1766,2209,1139,1607,2121,1797,1991,,,,,,1495,958,,2277,2037
120,Z__atcoder,,,,,,,,,,,,,,1150,1835,1442,1306,1655,1547,1654,2017,2035
121,yehara,2103,2132,,1916,1949,2234,2050,1686,2229,,,1625,1977,1879,2116,1851,2048,1636,1836,1874,1609,2033
122,mn_7545,1617,1855,1713,1849,1673,2007,1349,2091,1526,2076,1566,2319,2502,2192,1849,1877,2100,1318,1756,1080,2104,2031
123,SPD_9X2,2433,2474,0,2220,2871,2127,2658,2923,2383,2056,2000,2452,2569,1867,2415,2392,,2125,,2701,2053,2029
124,hint908,,,,1167,,,858,1700,1062,1957,1717,1648,,2012,1713,0,1681,0,0,2110,1910,2025
125,DFNasutarou,1653,1757,1872,1957,1550,2121,2117,1691,1903,1702,,1448,1784,2166,2185,1652,1663,2330,1850,1870,362,2022
126,GoldIngot,,,,2090,1804,2664,2047,0,1620,2237,2355,2294,2018,2017,1880,2012,1748,2186,1948,1849,1897,2020
127,qbi,,,,0,,,,,,,,,,,,,,,,,,2018
128,makio93,1237,1837,1717,1857,1663,1493,1517,1776,1785,1529,1877,1666,943,1067,1906,,1762,1285,197,1776,1665,2010
129,ks2m,2124,1823,1572,2136,2331,2262,1432,2531,1877,1442,1991,1455,1951,1850,2047,445,,1426,1621,1830,1655,2007
130,nikuroll,,1802,1974,,2319,,,1981,,,2137,1281,1956,,,,,1725,,1804,,1997
131,cutmdo,2021,2563,1524,2165,2169,2204,2663,1947,2054,2358,1888,2084,1847,2284,,,,1729,1779,1866,2148,1995
132,hoxosh,,,,,,,1941,1556,2207,2209,1432,1491,,,1774,,1868,2292,,2108,1983,1992
133,coint,2028,1898,1981,2113,2201,2379,2205,1732,2367,1562,1906,1914,2863,2371,2118,2406,2190,2107,,1974,,1990
134,yuusanlondon,2759,2195,2608,2004,2249,,,,,2393,1829,1894,,2163,,,2351,,2198,2457,2029,1984
135,FplusFplusF,248,993,968,1976,915,1032,1605,1096,1254,1050,1599,1130,622,1277,1058,1597,982,1385,1383,1731,1294,1979
136,kt_soup,2195,2250,2441,1617,2494,2184,,2731,2352,1807,1751,1507,2909,,,,,,,,,1973
137,namineko0606,,,,,,,,,,,1601,1216,1150,1558,1875,2068,1584,669,2242,1264,1659,1969
138,efy,,1514,1439,2049,1484,2095,962,1926,1541,1584,,1148,,1262,1811,1738,,1929,,1325,1513,1968
139,p2mitanai,2257,2090,0,,0,0,,,,,,,,,,,2063,2122,1970,2264,2492,1964
140,asaringo,1157,1412,1223,1113,1511,,,1680,1612,1572,315,1299,1164,,1169,,1633,1313,1690,1414,,1953
141,setsuna,1247,1771,2073,1544,1812,1509,1620,,1860,1716,1528,,1888,1420,1901,,1569,0,1545,1663,2230,1951
142,gucci0512,1360,1629,,,1154,1637,910,1164,1423,2163,1430,1224,1882,,1704,,1780,1293,,1734,,1950
143,komite,1593,1879,1489,1833,1513,1723,1758,1094,,,1621,1550,1271,1643,1423,1891,1947,1930,2161,2206,1316,1937
144,dissonance,2036,2368,1886,2018,2260,2392,1739,2345,2385,1988,1901,2410,0,,2376,2013,,2239,1537,1986,2813,1932
145,ningenMe,,,,,,,,,,,,,,,,,,,,,,1930
146,sugarrr,2650,2387,2310,2529,2480,2719,1701,2891,2342,2879,2984,2215,0,2200,2093,,0,2166,2501,1860,,1928
147,kai1000_don,1842,1877,2408,2381,2303,2439,2387,2279,2602,2326,,2382,2318,,,,1995,2218,,1977,2200,1927
148,cleantted,,1620,,,2145,0,1504,1548,1481,,,,0,,,1791,1865,1547,1330,1311,1570,1916
149,moxn_nxom,,,864,,1693,,,,,1453,1163,879,1201,1468,,,1513,2013,1453,,,1915
150,tarattata,2713,1888,1295,1655,1800,,1362,,,2192,1428,,,,,,2275,1804,1740,1995,2139,1913
151,gmmtea,1403,1006,1761,1131,1942,,1109,1112,,1955,1683,1064,2287,1286,0,1423,1351,1683,2028,1826,,1910
152,bit_zentansaku,0,0,1949,2034,0,0,1693,1788,,0,,1706,1335,1508,1511,1733,951,1705,1872,1369,1652,1906
153,habara_k,,,,,,,,,,,,,,,,,,,,,1735,1902
154,merom686,1800,1805,1903,,1992,1866,1972,2237,1935,1832,2068,2003,2205,2023,2485,2207,1933,2248,1903,1278,1782,1901
155,tomerun,2421,,2380,2700,2294,2311,2235,,2321,1846,,2078,2494,2042,2522,,2323,2563,1859,1803,2296,1899
156,flygon,,,,,,,,,1217,1858,1474,1509,1706,1775,1790,1372,1480,1562,1103,2071,362,1896
157,PAKACHU,,,,,,,,,,,,,,1326,1176,,955,1029,1141,1427,1311,1891
158,Kude,2634,2415,2506,2283,2529,2547,2148,2416,2032,3200,2132,2530,3183,2683,2637,2362,2537,2792,2342,2186,2604,1888
159,shibh308,,,,,,,,1562,,,,,,1821,2159,,,,,2429,2082,1885
160,ZollingerPython3,1859,1444,1407,1265,1640,1658,2013,1112,1496,1843,1854,1518,1459,1578,1777,1990,1700,1169,1891,1590,1599,1880
161,sapphire15,,2778,,3130,2687,2317,2423,2722,1977,1776,,2519,,,2170,2757,1946,2281,,2578,,1879
162,umimel,1652,1337,,1420,,0,0,,0,,0,0,0,1430,1767,445,,1395,,0,1542,1877
163,KatoufujiB,,1519,,1525,0,,1682,,,2052,,,,,,,,1516,,1318,1343,1875
164,azusa300,,,,,,,,0,,,,1512,,1942,,1376,1923,1633,1838,204,1451,1874
165,sgfc,,,,,0,,0,0,,,,0,,0,0,0,,0,0,,0,1872
166,Yu_212,2532,2316,0,2193,0,0,2007,0,,2411,,,,2143,2875,0,,0,2089,2684,2258,1870
167,logx,,,,,,,,,,,,,,,,,0,1316,,2045,,1867
168,Kohenyan,1182,1495,1324,1472,1103,1517,997,1621,1837,1463,1331,1750,1896,1737,999,1734,1866,1569,,1730,1584,1864
169,tardigrade,1074,1236,1547,1827,1237,1717,1713,1092,1287,,979,1162,1905,1062,1755,2003,1578,0,1844,1756,2164,1860
170,yasunori,1414,1688,1919,1907,2097,2268,1786,2165,2293,1739,1406,2024,2014,,2072,,,,,,1543,1859
171,N_hara,1789,,,,,1533,,2398,2040,2135,1911,,,1837,,,1843,,,,2066,1854
172,tofudra,,,,1253,1823,0,1319,1184,2063,1836,1482,1911,2699,,,2305,2196,2540,2212,2494,2713,1852
173,amentorimaru,1682,2074,2160,2533,2050,1764,1422,2079,2227,2112,2073,1730,2618,2278,1685,2493,2356,2245,1607,2163,2589,1847
174,kimuchi,1167,,1486,1295,1885,1046,1420,1254,1246,1354,,1170,1398,901,1878,0,1559,1548,,0,,1846
175,Forested,2605,2415,2458,2203,2373,2413,2542,2760,2657,2638,2286,2984,3013,2616,2572,2764,2740,2613,2990,2625,2447,1841
176,cottoncotton,2149,2289,2026,2229,2044,1996,1634,2155,1202,1563,2034,0,0,2168,2464,1655,2233,2143,1716,2230,2128,1836
177,koutaaaaaa,,,,,1279,903,,,,0,1305,,,,,,,,,,1831,1834
178,miscalculation53,2129,2410,1522,1990,1775,2210,1953,2315,1951,2418,1920,2091,1994,2068,1898,1580,1919,1913,1637,2196,2023,1831
179,mban,1853,,2206,1889,1802,1688,2318,,,1622,1396,2083,1946,2235,,1441,2001,1437,1901,1901,,1829
180,otera,2456,2088,2152,2330,2090,2145,2284,2264,1916,2388,2523,2541,1913,1269,2444,2190,2443,2461,1372,2652,2402,1823
181,perovskite,1213,1593,1391,1979,1772,1615,1591,1701,1720,,315,1344,0,1811,1682,1987,1484,1441,1084,1312,1315,1821
182,tassei903,1869,2076,1813,,1481,,970,,2171,,,,,2045,,,1917,,2347,2057,,1820
183,hahho,,2031,2337,1630,2378,,2130,,1778,2015,2140,2594,2543,,2675,2515,2331,,1976,,,1818
184,MatsuTaku,1597,1535,1928,1749,1910,1787,1568,1651,,1943,1148,1444,1409,,,2165,,67,1058,1298,2261,1813
185,Kiri8128,2745,2876,2799,2132,2515,2272,2642,2111,,2247,1650,2498,2639,2351,1441,0,2264,2008,2610,2582,2630,1810
186,bayashiko,,2153,1587,,,1857,,,,,,1638,,2018,,1548,1819,,,,,1808
187,ymtz03,2065,1612,2247,1846,1905,1353,1696,1678,2094,2260,1592,1541,2177,1754,2033,2051,1891,1326,1951,1970,2099,1805
188,nuts,1887,1273,2088,1930,1685,1574,1801,2157,2086,2229,1644,55,2227,1797,1995,1932,1892,1613,2066,1737,1512,1804
189,pengin,1999,,,1641,1393,1529,2255,1974,146,2061,1929,1547,,0,2081,1515,1898,,1576,1550,1514,1801
190,serendipity_,,,,,1682,1847,,,2149,,1665,2071,,1953,1362,1647,1619,1818,1130,1657,1727,1799
191,baLoon,2173,1906,,1955,2394,1947,1766,,2821,1954,2529,2356,2518,,,,2407,2265,2208,1752,1928,1796
192,AItale,,1284,1637,,,1884,,,,,,,,,1920,1938,1452,1415,1020,1839,,1794
193,planes,,,1314,450,987,1573,,,1796,1942,1652,1346,,0,1391,,,1800,1329,1924,2043,1791
194,BinomialSheep,1331,1161,1093,1351,845,1354,1335,1551,1270,1594,1089,0,1729,1356,1363,1966,1728,1676,1805,,1611,1789
195,hotaosa,1191,,1706,2099,1485,1485,1248,1247,1490,1242,,,1491,1596,1832,1892,,1419,1685,1250,1997,1786
196,Daylight,,,,,1417,0,,2040,1700,1788,1964,1937,1725,,1697,0,,2133,1981,1660,2242,1785
197,shino16,2033,2059,2359,2175,1908,,1978,2410,2453,,2160,2249,1954,,2239,2631,1927,,2154,2019,2250,1783
198,Linuxmetel,1564,1449,1861,1679,1355,1701,1592,1662,1229,1720,1233,1600,495,890,910,1835,1158,929,1429,1477,1292,1782
199,abUma,0,221,1094,1136,988,1353,1277,1219,1241,228,315,,995,1880,0,1538,1611,0,1736,1559,1551,1780
200,shama,1896,,1657,1054,1928,1403,1865,1797,1741,,,1418,2095,1862,2124,1439,1858,1517,,1916,1412,1777
201,KumaTachiRen,1972,2078,1837,1950,2497,2382,2373,2259,2163,1808,1944,2294,2897,2213,3016,2400,2685,2136,2962,2690,2707,1774
202,Cyanmond,1123,2587,2342,2233,2150,2478,2292,2626,1949,2060,3200,2238,2012,1748,2478,2822,1983,2304,2642,2142,2367,1771
203,yfuka86,1610,0,,1405,2157,1678,0,1443,1613,2005,2154,1189,1941,1251,2248,1804,1773,2051,2058,2497,1673,1768
204,baseballtoma,,1558,,1434,,,1450,,,,,,,1813,1490,1517,,,197,,,1763
205,jikei,1519,1342,1320,1064,1371,1300,1684,718,1645,1260,315,1546,1187,842,1131,445,1547,1795,967,1847,2061,1762
206,tada72,1993,2814,2201,2088,2231,2029,2464,2184,1985,2514,1769,1725,2053,1604,1063,2023,2192,1872,2254,,1761,1760
207,kaikey,2064,0,1995,,1537,,1825,2229,1917,2080,1882,1962,1948,2029,2133,2376,0,2216,2299,1904,1723,1758
208,ococonomy1,1685,1841,1957,1332,1737,1381,1189,,1212,,,,916,1299,1669,2151,1622,1682,1826,1778,362,1757
209,kmjp,2548,2592,1430,2831,2742,,2325,2488,2671,2920,3125,2853,3200,2634,2202,3154,2674,2665,2580,2388,,1752
210,zundamochi_1117,2354,2084,2673,2293,2963,0,2393,2202,2298,2688,2468,,2398,2479,1976,1984,2434,1746,,,1777,1751
211,hhoppitree,,,,,,,,,,,,2569,,0,,0,,,3055,2126,0,1749
212,cuthbert,2732,2002,3068,2108,,0,2134,2481,1895,,2397,3200,2980,2445,2101,2365,,2116,,2451,1685,1748
213,misorin,2210,2149,2224,1996,2236,2217,2112,1528,2565,2326,2027,1760,2823,1729,2794,2370,2493,1730,2003,2140,2220,1746
214,shell_wataru,1825,1683,1785,2106,1794,,1866,1899,953,1885,1607,2074,1762,1475,2149,1942,2242,,1900,1740,1957,1745
215,sqrt_3,,,,,,,,,,,,,,,,,1615,2527,2515,,,1743
216,tsugutsugu,,,,,,,,,,,,,1779,,,,,1494,1322,,1186,1734
217,Noboru2020,994,1323,828,1879,1807,,1289,,1804,1221,,,1799,1335,1045,445,1514,1274,,0,1372,1731
218,kotamanegi,,,,2201,2287,,2669,,,,,2275,,1987,,2744,0,,,,2525,1729
219,hamath,1885,1985,1610,1364,2087,1675,1980,1904,1448,,2422,0,,1712,1799,1547,1617,1789,1291,1540,0,1729
220,mo12412,1132,1390,1676,861,1893,1842,1710,1546,856,1984,315,1211,1764,1781,1944,1340,1909,1680,1470,1447,362,1724
221,t98slider,1792,2160,2184,2102,1439,2100,2057,1929,1898,2435,2046,1292,1796,1575,2183,1690,2129,2379,1441,2169,1956,1722
222,kys,2085,1994,1200,1542,1268,2013,1453,1690,1591,2320,1512,1601,1922,2172,1747,2111,1761,,1643,1779,1758,1718
223,houren,1899,1678,1300,1666,2067,2150,1670,0,,1505,1491,1432,2084,1742,1787,,1668,1474,1853,2125,1525,1716
224,PrussianBlue,1941,2164,2075,2364,2268,1994,1760,0,2562,2036,1940,2073,2310,1539,2174,1711,2761,2052,0,0,2290,1713
225,BAKATAN,0,,,,,,,,,909,1411,1087,1859,1473,1157,1754,1555,1511,197,1792,1645,1710
226,Koi51,,,,,,0,,,,,,0,,0,,0,0,,1443,1563,,1700
227,okapin,,,,,1227,1053,1313,,,,,,,1792,1502,,,1061,1609,1316,1446,1697
228,pleiades_223,,221,,0,0,0,0,,,,0,,0,0,,,110,0,0,0,,1694
229,AmuK,,,,,,647,,0,1165,1026,1399,1021,818,1253,1295,445,1516,1538,893,1261,362,1693
230,MotoAtcoder,1750,1507,775,573,,,,,1163,,1580,,,,,,1433,830,,,1382,1691
231,yokane,,,,,,,,,,,,,,,,,,,,964,1751,1690
232,premier,,,766,757,926,1490,-87,573,859,1554,315,55,1187,1429,1098,1404,1505,1212,1592,204,362,1688
233,sakikuroe,,,,,,,2018,1807,1138,1433,1119,1146,1814,1803,1283,2000,1039,1398,1766,1690,362,1687
234,alcea,,,,,,,,777,,1654,,1701,1595,,1808,445,,,1485,,1780,1685
235,muse,2079,2022,2434,1952,2032,1306,1525,2052,1793,2149,1859,1373,2200,1219,2106,1949,1602,1512,1273,1367,2225,1684
236,hamo21,,1941,1886,2001,1909,1860,,1780,,1242,1664,1635,1921,2105,1486,,1905,1393,2092,1744,,1682
237,ASTR1104,1769,1832,1705,1626,1273,1301,1139,1828,1648,1672,1339,1316,1740,,1907,1793,1525,1673,,1397,1448,1682
238,Kiterai,1396,,,,,,,,,,,,,1805,2025,1965,1715,2192,1961,1843,1309,1677
239,coffee_beans,1779,1632,1920,1579,2065,2037,1847,1930,1329,1657,1023,1999,1864,1655,1492,1867,1881,,1515,1314,1686,1674
240,hiixryo,,,,,,,,,,,,,,,,1401,1199,1067,1762,1247,1620,1672
241,Luzhiled,2057,,2136,,1507,0,,1960,,,,,,,,,,,,,,1671
242,tagenkan,1786,2055,1593,1477,2035,1788,1803,1614,1674,0,1835,1663,2026,1828,2095,1370,1306,1352,1320,1468,1635,1670
243,number_cat,,,,,,,,,,0,315,55,1812,1912,1102,445,1652,1324,0,1828,1424,1668
244,akidaily,1181,,1408,,1213,1417,1111,1165,1511,1388,315,1219,,1816,1501,1952,,1291,197,1795,0,1667
245,watatoshi,1489,1626,1409,2401,1668,1357,1674,1488,1433,2096,1552,1335,1809,1526,1500,1412,1289,1502,1332,1697,2039,1660
246,misty1999,2738,1862,1728,1146,2135,2260,,,,,1333,,,,,,1939,2579,1876,,,1658
247,QiToY,1212,1742,1170,1219,1460,1648,1332,1854,1369,1494,315,1482,1415,1707,1377,1561,1949,1427,1697,1728,1841,1657
248,tt829,1735,1192,1163,1820,1776,677,832,1313,1006,1384,1063,1477,1539,1615,1507,445,890,1534,1729,1171,362,1655
249,noko206,,,,,,,,,,,,,,,,,,,,1301,1182,1651
250,siganai,2171,2400,1934,2151,2186,2696,1686,1816,2211,1936,2318,2063,2118,2001,3166,2308,2346,2382,2146,2554,2534,1650
251,miya145592,1262,1275,1151,1195,912,1578,860,1390,1157,921,1563,982,1862,1408,1085,445,1165,928,1484,1244,1205,1648
252,atug,1450,1504,1612,669,1423,1110,1415,1313,820,1635,1133,1921,837,1348,1435,2119,810,,895,1466,1631,1647
253,ius,,,,,1124,886,787,925,1336,1421,1397,1297,1306,1590,1280,445,1591,1427,1335,1393,1329,1645
254,nishigake,1163,1281,1528,1682,1669,951,1193,1226,1150,2101,1215,1247,1840,1317,1716,445,1257,1141,1361,1329,362,1644
255,shakayami,,,,,1452,,,,,,,0,,,1444,2073,1797,2295,2223,1956,,1643
256,kwm_t,,2043,1741,1564,1422,2039,1789,1499,1342,1379,2377,1796,1841,1478,2027,2147,1580,1855,1930,1604,1952,1637
257,DUXY,,,1716,,1835,,0,942,,1289,1647,1381,,2093,1872,1924,1378,1677,1798,1964,2248,1634
258,pirari,1730,1479,1436,1034,,,1427,1211,1106,1630,1401,1291,1041,1713,1372,1481,1587,2100,1640,1603,362,1631
259,Levixi,,,,,,,,,,,,,,,,,,,,1083,1272,1630
260,Shun_PI,2325,2683,2598,2561,2405,,2323,2465,1984,2702,2499,2144,2483,,2348,2315,2691,,2397,2707,2395,1629
261,ayataka5,,977,,,,792,1070,,1148,1202,315,1319,,1081,58,445,1284,776,,,362,1626
262,firiexp,1890,2002,,1254,1536,841,1853,,2256,2014,2008,2314,1227,1854,2064,2035,2014,2021,2011,2467,1965,1622
263,kabipoyo,2112,1912,1971,1944,,1600,2164,,1965,2362,0,,1846,,1983,1534,1860,1305,,1562,1319,1620
264,yt0m,,,,,,,,,,,,,,,,,,,,,1672,1619
265,inkkk,,,,,821,909,1075,1429,1208,,1137,1493,1480,1612,1275,,1166,1320,973,1069,1150,1616
266,hiro71687,1216,1515,1337,1663,986,948,1612,1494,1196,1871,0,1078,831,1282,1062,1543,919,1971,1355,2087,1545,1613
267,shauuebbit,1943,2006,1505,2012,1919,2007,1901,1881,2147,1392,1386,1263,2328,1949,2406,1658,1603,2131,2071,2084,,1612
268,hiryuN,1727,1070,1889,1780,996,1603,0,1110,985,0,315,1377,2097,1904,2323,445,1355,1906,0,1910,1798,1609
269,MaudPie,,,1649,1518,1152,2036,1446,0,,1019,1616,0,2164,1457,1937,2182,1336,1629,1731,1117,1559,1607
270,hirayuu_At,,,,,,,,,,,,,,,,,,,,,1453,1605
271,jin_matakich,,,,,,,,,1312,1538,1383,55,1808,2177,2542,2226,1519,,2434,1939,1858,1602
272,n0cturnal,,,,,,,,,866,966,1191,582,0,1376,0,445,1098,0,1293,1093,1695,1602
273,Magentor,248,221,665,0,1146,1222,1065,708,1451,970,1335,970,1352,1310,1974,445,1585,1530,197,1717,1944,1600
274,shirowa,,,,2264,1868,,1477,2307,2071,1932,,,2232,2005,1839,2105,1785,1945,2112,1990,1516,1596
275,moridoufu,,,,,,,,,,228,,,629,,,,1052,889,1042,,,1594
276,LikeaRooster,1863,1609,1672,,1901,1228,,1798,,1692,1108,,2214,2087,1261,1974,1475,1492,,1214,1407,1593
277,ktr216,1845,2238,2049,1584,,2016,1390,1889,1974,1811,1927,1479,1600,2200,1522,2063,1814,1689,1539,1592,362,1591
278,sa10,,,,,,,,,,,,,,,,,,,,,,1591
279,hyouchun,1134,0,,0,,,0,,,1471,1299,1428,1102,0,1161,1586,0,1218,1759,1363,1342,1588
280,Passely,1565,1847,1789,1842,1635,0,1338,0,0,0,,0,,,,,0,,,,1641,1584
281,sato2718,,984,1578,,1575,0,639,652,0,1102,,1851,2025,,,445,1460,1071,,,,1582
282,yuiop,1722,1420,1301,2367,,980,1724,851,1314,1654,1464,1527,2105,1980,,1391,2092,1621,1256,1345,1236,1578
283,PeachCaStella,,,1283,,1105,1588,715,,0,,1523,,2046,1207,1812,445,1285,1959,1228,204,,1577
284,AiletS,248,1155,1155,1807,1651,1626,1660,1419,1375,1546,1655,1283,1903,1619,981,1336,0,1188,1396,1798,1277,1575
285,cirno3153,2011,1902,1890,1980,2368,2023,2637,2067,1885,2590,2263,1652,2069,2161,1891,2176,2134,1927,1743,2004,2021,1575
286,moshi777,1339,,1038,0,,920,1313,1034,,,,,1534,,0,,913,,,,,1573
287,tokumini,1914,1617,1369,1873,1692,2092,1817,1644,1434,1798,1627,1762,1673,1911,1356,445,1856,1662,1309,1484,1702,1572
288,igeee,,,,,,,,,,906,1077,1043,853,1048,683,,1384,694,,1245,,1569
289,cho57020,,1373,1276,1117,1242,1505,1819,,,1665,,,2302,1818,0,1921,1347,1607,1603,1786,1658,1568
290,monkukui,,,0,,,,,,,,,,,,1761,,,,0,1614,1675,1566
291,tosca2020,1511,1660,0,0,0,0,0,0,0,0,0,1161,967,1101,1161,1400,0,0,1089,1572,1384,1565
292,ebi_fly,1676,2067,1822,2124,,,,,,,,,,,,,2392,2081,1939,1458,2227,1564
293,sirosin,1134,1027,1395,1710,1570,1590,939,949,146,,,,1552,1324,2016,1363,1148,1554,1770,1525,1646,1562
294,Gandalfr,1136,221,0,0,,,0,0,0,907,315,0,1521,1535,904,445,881,914,1015,1258,1210,1562
295,UltimateBlacktea,,,1510,1208,,,,,,,,,,,,,,,,1524,362,1560
296,sanesuke,1512,936,882,1304,1469,1522,1728,,,1149,,1679,1693,,,,,,,1687,,1558
297,phocom,2254,2321,1496,1315,2016,2367,1843,1385,2134,2432,2071,1866,1378,2505,1726,1864,2040,1710,1286,2025,1566,1557
298,daut,1524,1463,1931,1680,1785,1039,2070,1801,1472,1350,1438,1188,1747,1639,1034,1540,1495,1515,1198,1284,1969,1556
299,Kampachi_dev,,,,,,,0,,,,,,1785,1505,1455,445,1496,1482,1495,1459,,1552
